{
  "benchmark": "connector_throughput_benchmark",
  "config": {
    "columns": [
      4,
      8,
      16,
      32
    ],
    "duration_s": 1.0,
    "metadata_columns": 2,
    "rows": [
      512,
      2048,
      8192
    ],
    "target_gbps": 1.0,
    "warmup_s": 0.25
  },
  "generated_at_utc": "2026-04-15T21:22:40.480805+00:00",
  "notes": [
    "First two columns are reserved for sequence and sent_at_ns benchmark metadata.",
    "sent_at_ns is stored as perf_counter_ns offset from run origin to stay precise in float64.",
    "Observed throughput counts only batches the receiver actually saw.",
    "Dropped-batch percentage heatmaps are derived from overwrite_fraction * 100.",
    "When target_gbps is set, the producer is paced by batch_bytes over wall-clock time."
  ],
  "results": [
    {
      "batch_bytes": 16384,
      "columns": 4,
      "latency_max_ms": 0.567666,
      "latency_mean_ms": 0.1007558013896172,
      "latency_p50_ms": 0.098541,
      "latency_p95_ms": 0.11115164999999999,
      "latency_p99_ms": 0.13600824999999994,
      "observed_batches": 7628,
      "observed_batches_s": 7627.156558519133,
      "observed_mb_s": 124.96333305477748,
      "overwrite_fraction": 0.0002621231979030144,
      "payload_columns": 2,
      "published_batches": 7630,
      "published_batches_s": 7629.156337375588,
      "published_mb_s": 124.99609743156164,
      "rows": 512
    },
    {
      "batch_bytes": 32768,
      "columns": 8,
      "latency_max_ms": 0.236208,
      "latency_mean_ms": 0.1515857617300131,
      "latency_p50_ms": 0.151,
      "latency_p95_ms": 0.1873876,
      "latency_p99_ms": 0.19785274000000005,
      "observed_batches": 3815,
      "observed_batches_s": 3814.4774165939266,
      "observed_mb_s": 124.99279598694979,
      "overwrite_fraction": 0.0,
      "payload_columns": 6,
      "published_batches": 3815,
      "published_batches_s": 3814.4774165939266,
      "published_mb_s": 124.99279598694979,
      "rows": 512
    },
    {
      "batch_bytes": 65536,
      "columns": 16,
      "latency_max_ms": 0.626833,
      "latency_mean_ms": 0.3273841037735849,
      "latency_p50_ms": 0.32847950000000004,
      "latency_p95_ms": 0.3487829999999999,
      "latency_p99_ms": 0.36658393,
      "observed_batches": 1908,
      "observed_batches_s": 1907.1379736359168,
      "observed_mb_s": 124.98619424020345,
      "overwrite_fraction": 0.0,
      "payload_columns": 14,
      "published_batches": 1908,
      "published_batches_s": 1907.1379736359168,
      "published_mb_s": 124.98619424020345,
      "rows": 512
    },
    {
      "batch_bytes": 131072,
      "columns": 32,
      "latency_max_ms": 0.878917,
      "latency_mean_ms": 0.747206536687631,
      "latency_p50_ms": 0.758729,
      "latency_p95_ms": 0.8154120499999999,
      "latency_p99_ms": 0.84051076,
      "observed_batches": 954,
      "observed_batches_s": 953.4728887225089,
      "observed_mb_s": 124.97359847063669,
      "overwrite_fraction": 0.0,
      "payload_columns": 30,
      "published_batches": 954,
      "published_batches_s": 953.4728887225089,
      "published_mb_s": 124.97359847063669,
      "rows": 512
    },
    {
      "batch_bytes": 65536,
      "columns": 4,
      "latency_max_ms": 0.442625,
      "latency_mean_ms": 0.31116491509433963,
      "latency_p50_ms": 0.313791,
      "latency_p95_ms": 0.33542894999999995,
      "latency_p99_ms": 0.3520316200000001,
      "observed_batches": 1908,
      "observed_batches_s": 1907.1259813268919,
      "observed_mb_s": 124.98540831223919,
      "overwrite_fraction": 0.0,
      "payload_columns": 2,
      "published_batches": 1908,
      "published_batches_s": 1907.1259813268919,
      "published_mb_s": 124.98540831223919,
      "rows": 2048
    },
    {
      "batch_bytes": 131072,
      "columns": 8,
      "latency_max_ms": 1.618875,
      "latency_mean_ms": 0.6656596970649895,
      "latency_p50_ms": 0.6742915,
      "latency_p95_ms": 0.7741022,
      "latency_p99_ms": 0.83959073,
      "observed_batches": 954,
      "observed_batches_s": 953.4679648755994,
      "observed_mb_s": 124.97295309217456,
      "overwrite_fraction": 0.0,
      "payload_columns": 6,
      "published_batches": 954,
      "published_batches_s": 953.4679648755994,
      "published_mb_s": 124.97295309217456,
      "rows": 2048
    },
    {
      "batch_bytes": 262144,
      "columns": 16,
      "latency_max_ms": 2.728667,
      "latency_mean_ms": 1.3656295483193277,
      "latency_p50_ms": 1.3615620000000002,
      "latency_p95_ms": 1.9341042499999999,
      "latency_p99_ms": 2.38973925,
      "observed_batches": 476,
      "observed_batches_s": 475.63726712915565,
      "observed_mb_s": 124.68545575430538,
      "overwrite_fraction": 0.0020964360587002098,
      "payload_columns": 14,
      "published_batches": 477,
      "published_batches_s": 476.63650508530935,
      "published_mb_s": 124.94739998908334,
      "rows": 2048
    },
    {
      "batch_bytes": 524288,
      "columns": 32,
      "latency_max_ms": 3.033583,
      "latency_mean_ms": 2.0841774225941423,
      "latency_p50_ms": 2.128875,
      "latency_p95_ms": 2.4662622,
      "latency_p99_ms": 2.772535540000001,
      "observed_batches": 239,
      "observed_batches_s": 238.2202952067562,
      "observed_mb_s": 124.89604213335978,
      "overwrite_fraction": 0.0,
      "payload_columns": 30,
      "published_batches": 239,
      "published_batches_s": 238.2202952067562,
      "published_mb_s": 124.89604213335978,
      "rows": 2048
    },
    {
      "batch_bytes": 262144,
      "columns": 4,
      "latency_max_ms": 4.480542,
      "latency_mean_ms": 0.972970306722689,
      "latency_p50_ms": 0.917604,
      "latency_p95_ms": 1.7220205,
      "latency_p99_ms": 1.923521,
      "observed_batches": 476,
      "observed_batches_s": 475.63552430281095,
      "observed_mb_s": 124.68499888283607,
      "overwrite_fraction": 0.0020964360587002098,
      "payload_columns": 2,
      "published_batches": 477,
      "published_batches_s": 476.63475859756477,
      "published_mb_s": 124.94694215780002,
      "rows": 8192
    },
    {
      "batch_bytes": 524288,
      "columns": 8,
      "latency_max_ms": 3.444709,
      "latency_mean_ms": 1.6164073849372385,
      "latency_p50_ms": 1.549792,
      "latency_p95_ms": 2.0501588999999996,
      "latency_p99_ms": 2.551414920000001,
      "observed_batches": 239,
      "observed_batches_s": 238.21752475248775,
      "observed_mb_s": 124.8945896174323,
      "overwrite_fraction": 0.0,
      "payload_columns": 6,
      "published_batches": 239,
      "published_batches_s": 238.21752475248775,
      "published_mb_s": 124.8945896174323,
      "rows": 8192
    },
    {
      "batch_bytes": 1048576,
      "columns": 16,
      "latency_max_ms": 3.90675,
      "latency_mean_ms": 2.8269867583333332,
      "latency_p50_ms": 2.9763755,
      "latency_p95_ms": 3.6162452,
      "latency_p99_ms": 3.84176946,
      "observed_batches": 120,
      "observed_batches_s": 119.00293391816663,
      "observed_mb_s": 124.7836204361755,
      "overwrite_fraction": 0.0,
      "payload_columns": 14,
      "published_batches": 120,
      "published_batches_s": 119.00293391816663,
      "published_mb_s": 124.7836204361755,
      "rows": 8192
    },
    {
      "batch_bytes": 2097152,
      "columns": 32,
      "latency_max_ms": 6.865167,
      "latency_mean_ms": 5.520541616666666,
      "latency_p50_ms": 5.8959165,
      "latency_p95_ms": 6.559830949999999,
      "latency_p99_ms": 6.78325494,
      "observed_batches": 60,
      "observed_batches_s": 59.57315335208742,
      "observed_mb_s": 124.93395769863683,
      "overwrite_fraction": 0.0,
      "payload_columns": 30,
      "published_batches": 60,
      "published_batches_s": 59.57315335208742,
      "published_mb_s": 124.93395769863683,
      "rows": 8192
    }
  ],
  "summary": {
    "best_observed_mb_s": 124.99279598694979,
    "best_observed_shape": [
      512,
      8
    ],