{
  "benchmark": "connector_throughput_benchmark",
  "config": {
    "columns": [
      4,
      8,
      16,
      32
    ],
    "duration_s": 1.0,
    "metadata_columns": 2,
    "rows": [
      512,
      2048,
      8192
    ],
    "warmup_s": 0.25
  },
  "generated_at_utc": "2026-04-15T21:18:56.707174+00:00",
  "notes": [
    "First two columns are reserved for sequence and sent_at_ns benchmark metadata.",
    "sent_at_ns is stored as perf_counter_ns offset from run origin to stay precise in float64.",
    "Observed throughput counts only batches the receiver actually saw.",
    "Dropped-batch percentage heatmaps are derived from overwrite_fraction * 100."
  ],
  "results": [
    {
      "batch_bytes": 16384,
      "columns": 4,
      "latency_max_ms": 1.624,
      "latency_mean_ms": 0.43054787398373984,
      "latency_p50_ms": 0.375916,
      "latency_p95_ms": 0.8739499999999999,
      "latency_p99_ms": 1.18909204,
      "observed_batches": 6888,
      "observed_batches_s": 6878.836529887623,
      "observed_mb_s": 112.70285770567882,
      "overwrite_fraction": 0.8780841799709724,
      "payload_columns": 2,
      "published_batches": 56498,
      "published_batches_s": 56422.83772729253,
      "published_mb_s": 924.4317733239608,
      "rows": 512
    },
    {
      "batch_bytes": 32768,
      "columns": 8,
      "latency_max_ms": 20.630417,
      "latency_mean_ms": 1.3755759567161145,
      "latency_p50_ms": 0.586417,
      "latency_p95_ms": 7.807,
      "latency_p99_ms": 17.099692,
      "observed_batches": 4921,
      "observed_batches_s": 4908.45929390619,
      "observed_mb_s": 160.84039414271805,
      "overwrite_fraction": 0.8884304078717664,
      "payload_columns": 6,
      "published_batches": 44107,
      "published_batches_s": 43994.597455053925,
      "published_mb_s": 1441.614969407207,
      "rows": 512
    },
    {
      "batch_bytes": 65536,
      "columns": 16,
      "latency_max_ms": 3.777333,
      "latency_mean_ms": 1.3822935416083915,
      "latency_p50_ms": 1.2248955000000001,
      "latency_p95_ms": 2.6843687499999995,
      "latency_p99_ms": 3.3418604999999992,
      "observed_batches": 2860,
      "observed_batches_s": 2856.3798955299026,
      "observed_mb_s": 187.1957128334477,
      "overwrite_fraction": 0.9254878461819035,
      "payload_columns": 14,
      "published_batches": 38383,
      "published_batches_s": 38334.41591962386,
      "published_mb_s": 2512.2842817084693,
      "rows": 512
    },
    {
      "batch_bytes": 131072,
      "columns": 32,
      "latency_max_ms": 9.20075,
      "latency_mean_ms": 4.196064595886268,
      "latency_p50_ms": 3.899709,
      "latency_p95_ms": 7.864516599999997,
      "latency_p99_ms": 8.853857000000001,
      "observed_batches": 1653,
      "observed_batches_s": 1650.8670104860375,
      "observed_mb_s": 216.3824407984259,
      "overwrite_fraction": 0.9235889613091111,
      "payload_columns": 30,
      "published_batches": 21633,
      "published_batches_s": 21605.08532234994,
      "published_mb_s": 2831.8217433710515,
      "rows": 512
    },
    {
      "batch_bytes": 65536,
      "columns": 4,
      "latency_max_ms": 0.8605,
      "latency_mean_ms": 0.34027203224939534,
      "latency_p50_ms": 0.328583,
      "latency_p95_ms": 0.51036875,
      "latency_p99_ms": 0.6294015900000005,
      "observed_batches": 7442,
      "observed_batches_s": 7432.495080019334,
      "observed_mb_s": 487.09599756414707,
      "overwrite_fraction": 0.8230959399068175,
      "payload_columns": 2,
      "published_batches": 42068,
      "published_batches_s": 42014.27076407596,
      "published_mb_s": 2753.447248794482,
      "rows": 2048
    },
    {
      "batch_bytes": 131072,
      "columns": 8,
      "latency_max_ms": 1.382416,
      "latency_mean_ms": 0.5246566192101414,
      "latency_p50_ms": 0.513125,
      "latency_p95_ms": 0.7097458,
      "latency_p99_ms": 0.90545774,
      "observed_batches": 4102,
      "observed_batches_s": 4096.731091724656,
      "observed_mb_s": 536.9667376545341,
      "overwrite_fraction": 0.8609255806068825,
      "payload_columns": 6,
      "published_batches": 29495,
      "published_batches_s": 29457.114468654003,
      "published_mb_s": 3861.0029076354176,
      "rows": 2048
    },
    {
      "batch_bytes": 262144,
      "columns": 16,
      "latency_max_ms": 7.094916,
      "latency_mean_ms": 1.1839619926301244,
      "latency_p50_ms": 1.008625,
      "latency_p95_ms": 2.2093125000000002,
      "latency_p99_ms": 4.793499900000002,
      "observed_batches": 2171,
      "observed_batches_s": 2168.2150167078544,
      "observed_mb_s": 568.3845573398638,
      "overwrite_fraction": 0.9065834767641997,
      "payload_columns": 14,
      "published_batches": 23240,
      "published_batches_s": 23210.187465817842,
      "published_mb_s": 6084.411383039353,
      "rows": 2048
    },
    {
      "batch_bytes": 524288,
      "columns": 32,
      "latency_max_ms": 4.744875,
      "latency_mean_ms": 1.6799823311641358,
      "latency_p50_ms": 1.655375,
      "latency_p95_ms": 2.0782421999999987,
      "latency_p99_ms": 2.3483755600000005,
      "observed_batches": 1383,
      "observed_batches_s": 1381.2135728951569,
      "observed_mb_s": 724.153701706056,
      "overwrite_fraction": 0.9316159018987342,
      "payload_columns": 30,
      "published_batches": 20224,
      "published_batches_s": 20197.87657138948,
      "published_mb_s": 10589.504311860646,
      "rows": 2048
    },
    {
      "batch_bytes": 262144,
      "columns": 4,
      "latency_max_ms": 1.517833,
      "latency_mean_ms": 0.3994508339038011,
      "latency_p50_ms": 0.384875,
      "latency_p95_ms": 0.5575205000000001,
      "latency_p99_ms": 0.784896,
      "observed_batches": 5551,
      "observed_batches_s": 5543.914184682702,
      "observed_mb_s": 1453.3038400294624,
      "overwrite_fraction": 0.8120853080568721,
      "payload_columns": 2,
      "published_batches": 29540,
      "published_batches_s": 29502.292382548556,
      "published_mb_s": 7733.848934330808,
      "rows": 8192
    },
    {
      "batch_bytes": 524288,
      "columns": 8,
      "latency_max_ms": 1.589125,
      "latency_mean_ms": 0.6822874270606533,
      "latency_p50_ms": 0.667375,
      "latency_p95_ms": 0.9021794999999998,
      "latency_p99_ms": 1.066316860000001,
      "observed_batches": 3215,
      "observed_batches_s": 3210.8338114854114,
      "observed_mb_s": 1683.4016373560635,
      "overwrite_fraction": 0.8628178870114354,
      "payload_columns": 6,
      "published_batches": 23436,
      "published_batches_s": 23405.630235139066,
      "published_mb_s": 12271.29106472059,
      "rows": 8192
    },
    {
      "batch_bytes": 1048576,
      "columns": 16,
      "latency_max_ms": 2.08675,
      "latency_mean_ms": 1.1844862357498618,
      "latency_p50_ms": 1.162292,
      "latency_p95_ms": 1.5196544,
      "latency_p99_ms": 1.66953948,
      "observed_batches": 1807,
      "observed_batches_s": 1802.3817716056692,
      "observed_mb_s": 1889.9342685431861,
      "overwrite_fraction": 0.9098393373914779,
      "payload_columns": 14,
      "published_batches": 20042,
      "published_batches_s": 19990.77778999492,
      "published_mb_s": 20961.849811921715,
      "rows": 8192
    },
    {
      "batch_bytes": 2097152,
      "columns": 32,
      "latency_max_ms": 6.145625,
      "latency_mean_ms": 2.5025486257110354,
      "latency_p50_ms": 2.3835,
      "latency_p95_ms": 3.3923374999999987,
      "latency_p99_ms": 4.5010432200000015,
      "observed_batches": 879,
      "observed_batches_s": 875.6325728096851,
      "observed_mb_s": 1836.3346013329767,
      "overwrite_fraction": 0.9261220373171962,
      "payload_columns": 30,
      "published_batches": 11898,
      "published_batches_s": 11852.419057212326,
      "published_mb_s": 24856.324330670945,
      "rows": 8192
    }
  ],
  "summary": {
    "best_observed_mb_s": 1889.9342685431861,