{"board":"ecu","connected":true,"endpoint_host":"127.0.0.1","endpoint_port":10004,"last_connect_epoch_s":1776832796.299219,"last_error":null,"last_rx_epoch_s":1776833857.2249951,"snapshot_epoch_s":1776833857.224998}
