{"board":"extr_ecu","connected":true,"endpoint_host":"127.0.0.1","endpoint_port":10006,"last_connect_epoch_s":1776832798.86914,"last_error":null,"last_rx_epoch_s":1776833857.225247,"snapshot_epoch_s":1776833857.225249}
