{"board":"gse","connected":true,"endpoint_host":"127.0.0.1","endpoint_port":10002,"last_connect_epoch_s":1776832796.300863,"last_error":null,"last_rx_epoch_s":1776833857.227329,"snapshot_epoch_s":1776833857.2273312}
