{"board":"loadcell","connected":true,"endpoint_host":"127.0.0.1","endpoint_port":10069,"last_connect_epoch_s":1776832798.6830568,"last_error":null,"last_rx_epoch_s":1776833857.222711,"snapshot_epoch_s":1776833857.222715}
